No.,CAS,SMILES,pLD50
1,54-71-7,CCC1C(Cc2cncn2C)COC1=O,-2.19
2,55-16-3,CN1C2CC(CC1C3OC23)OC(=O)C(CO)c4ccccc4,-2.02
3,58-40-2,CN(C)CCCN1c2ccccc2Sc3ccccc13,-2.15
4,60-25-3,C[N+](C)(C)CCCCCC[N+](C)(C)C,-1.79
5,69-27-2,C[N+](C)(C)CC[N+]1(C)Cc2c(Cl)c(Cl)c(Cl)c(Cl)c2C1,-1.79
6,71-81-8,CC(C)[N+](C)(CCC(C(=O)N)(c1ccccc1)c2ccccc2)C(C)C,-2.08
7,126-17-0,CC1CCC2(NC1)OC3CC4C5CC=C6CC(O)CCC6(C)C5CCC4(C)C3C2C,-2.95
8,298-45-3,COc1ccc2CC3N(C)CCc4cc5OCOc5c(c34)c2c1O,-2.16
9,299-95-6,CC(C)NCC(O)c1ccc(O)c(O)c1,-2.56
10,525-66-6,CC(C)NCC(O)COc1cccc2ccccc12,-1.62
11,695-63-6,CCOP1(=O)CCC=C1,-3.62
12,1018-34-4,C[N+](C)(C)CCOC(=O)C1CCC[N+]1(C)C,-2.06
13,1033-68-7,C(Cc1ccccc1)N2CCN(CC2)c3ccccc3,-1.88
14,1040-88-6,COc1cccc(CCN2CCN(CC2)c3ccccc3)c1,-2.48
15,1040-91-1,COc1ccc(CCN2CCN(CC2)c3ccccn3)cc1,-2.00
16,1047-65-0,COc1ccc(OC)c(CCN2CCN(CC2)c3ccccn3)c1,-2.48
17,1047-68-3,COc1ccc(CCN2CCN(CC2)c3ccccc3)cc1OC,-2.18
18,1047-70-7,COc1ccc(CCN2CCN(CC2)c3ccccn3)cc1OC,-2.48
19,1049-78-1,COc1ccc(CCN2CCN(CC2)c3ccccc3Br)cc1OC,-1.88
20,1049-79-2,COc1ccc(CCN2CCN(CC2)c3ccccc3C)cc1OC,-2.00
21,1049-80-5,COc1ccc(CCN2CCN(CC2)c3ccccc3N)cc1OC,-1.88
22,1049-81-6,COc1ccc(CCN2CCN(CC2)c3ccccc3O)cc1OC,-1.70
23,1049-99-6,COc1ccc(CCN2CCN(CC2)c3cccc(Cl)c3)cc1OC,-1.88
24,1050-03-9,COc1ccc(CCN2CCN(CC2)c3ccc(C)cc3)cc1OC,-2.18
25,1050-04-0,COc1ccc(CCN2CCN(CC2)c3ccc(Cl)cc3)cc1OC,-1.88
26,1051-24-7,COc1ccc(CCN2CCN(CC2)c3c(C)cccc3C)cc1OC,-2.18
27,1051-73-6,COc1ccc(CCN2CCN(CC2)c3ccccc3SC)cc1OC,-2.00
28,1052-00-2,COc1ccc(CCN2CCN(CC2)c3cccc(C)c3C)cc1OC,-1.88
29,1052-20-6,COc1ccc(CCN2CCN(CC2)c3ccc(C)c(C)c3)cc1OC,-2.00
30,1052-21-7,COc1cccc(c1)N2CCN(CCc3ccc(OC)c(OC)c3)CC2,-2.00
31,1052-26-2,COc1ccc(cc1)N2CCN(CCc3ccc(OC)c(OC)c3)CC2,-2.00
32,1057-13-2,Fc1ccccc1C2=NCC(=O)N(CCCN3CCNCC3)c4ccc(Cl)cc24,-2.00
33,1061-06-9,Clc1ccc2N(CCN3CCCC3)C(=O)CN=C(c4ccccc4)c2c1,-2.25
34,1061-20-7,Clc1ccc2N(CCN3CCCCC3)C(=O)CN=C(c4ccccc4)c2c1,-2.28
35,1061-21-8,Clc1ccc2N(CCN3CCOCC3)C(=O)CN=C(c4ccccc4)c2c1,-2.55
36,1064-65-9,CCOCCN1CCN(CCCN2C(=O)CN=C(c3ccccc3F)c4cc(Cl)ccc24)CC1,-2.27
37,1064-66-0,Fc1ccccc1C2=NCC(=O)N(CCCN3CCN(CCOC=C)CC3)c4ccc(Cl)cc24,-2.45
38,1100-25-0,CN(C)CCCN1C(=O)CN=C(c2ccccc2)c3cc(Cl)ccc13,-2.36
39,1110-46-9,OCCN1CCN(CCCN2C(=O)CN=C(c3ccccc3F)c4cc(Cl)ccc24)CC1,-2.22
40,1146-18-5,CC(COC(=O)N)(COC(=O)N)C1CCCCC1,-2.62
41,1163-36-6,Clc1ccc(Cn2c(CN3CCCC3)nc4ccccc24)cc1,-2.46
42,1240-79-5,COc1cccc(OC)c1CCN2CCN(CC2)c3ccccn3,-2.18
43,1242-71-3,CC(CN(C)C)N1C(=O)CN=C(c2ccccc2)c3cc(Cl)ccc13,-2.49
44,1243-33-0,COc1ccc(CCN2CCN(CC2)c3ccccc3Cl)cc1OC,-2.00
45,1243-34-1,COc1ccc(CCN2CCN(CC2)c3ccccc3F)cc1OC,-1.88
46,1243-53-4,COc1ccc(CCN2CCN(CC2)c3cccc(C)c3)cc1OC,-2.00
47,1245-28-9,COc1ccc(CCN2CCN(CC2)c3ccccc3OC)cc1OC,-1.70
48,1245-35-8,COc1ccc(CCN2CCN(CC2)c3ccc(C)cc3C)cc1OC,-1.88
49,1245-36-9,COc1ccc(CCN2CCN(CC2)c3ccc(Cl)cc3Cl)cc1OC,-1.88
50,1245-59-6,COc1ccc(CCN2CCN(CC2)c3cc(Cl)ccc3Cl)cc1OC,-1.70
51,1248-22-2,CCN(CC)CCCN1C(=O)CN=C(c2ccccc2)c3cc(Cl)ccc13,-2.31
52,1248-48-2,COc1ccc(CCN2CCN(CC2)c3ccccc3[N+](=O)[O-])cc1OC,-1.88
53,1248-54-0,CCOc1ccccc1N2CCN(CCc3ccc(OC)c(OC)c3)CC2,-2.18
54,1250-37-9,COc1ccc(CCN2CCN(CC2)c3ccccc3NC(=O)C)cc1OC,-1.88
55,1420-03-7,CN1CCCC(C1)OC(=O)C(O)(C2CCCCC2)c3ccccc3,-2.35
56,1508-65-2,CCN(CC)CC#CCOC(=O)C(O)(C1CCCCC1)c2ccccc2,-2.27
57,1672-86-2,CCCC(C)(COC(=O)NC(=O)C)COC(=O)NC(=O)C,-2.79
58,1690-72-8,COC(=O)C1CCCN(C)C1,-3.30
59,1755-81-3,CN1CCN(CCCN2C(=O)CN=C(c3ccccc3F)c4cc(Cl)ccc24)CC1,-2.10
60,1755-83-5,CN1CCN(CCN2C(=O)CN=C(c3ccccc3F)c4cc(Cl)ccc24)CC1,-2.32
61,1755-84-6,COc1ccc(OC)c(c1)N2CCN(CCc3ccc(OC)c(OC)c3)CC2,-2.00
62,1959-19-9,CN(C)CCN1C(=O)CN=C(c2ccccc2)c3cc(ccc13)C(F)(F)F,-2.45
63,1972-74-3,CCN(CC)CCN1C(=O)CNC(c2ccccc2F)c3cc(Cl)ccc13,-2.48
64,2032-54-4,Clc1ccc(OCCN2CCN(CC2)c3ccccn3)cc1,-2.48
65,2032-56-6,COc1ccc(OCCN2CCN(CC2)c3ccccc3OC)cc1OC,-2.18
66,2062-74-0,COc1ccccc1N2CCN(CCCCOc3ccc(F)cc3)CC2,-2.78
67,2109-30-0,CC(COC(=O)N)(COC(=O)N)Cc1ccc(Cl)cc1,-2.62
68,2239-02-3,COc1ccc(OCCCCN2CCN(CC2)c3ccccc3Cl)cc1OC,-2.18
69,2576-43-4,C[N+](C)(C)CCOCC[N+](C)(C)C,-3.16
70,2612-27-3,CC(C)C(CO)CO,-2.79
71,2612-32-0,OCC(CO)C1CCCCC1,-2.40
72,2819-05-8,CC(C)(C)C(CO)CO,-2.45
73,3332-92-1,CN1CCN(CCCN2C(=O)CN=C(c3ccccc3)c4cc(Cl)ccc24)CC1,-2.50
74,3717-88-2,CC1=C(Oc2c(cccc2C1=O)C(=O)OCCN3CCCCC3)c4ccccc4,-2.54
75,3966-84-5,CCN(CC)CCN1C(=O)CN=C(c2ccccn2)c3cc(Br)ccc13,-2.47
76,4084-16-6,CN(C)CCCN1C(=O)CNC(c2ccccc2F)c3cc(Cl)ccc13,-2.51
77,4084-17-7,CCN(CC)CCCN1C(=O)CNC(c2ccccc2F)c3cc(Cl)ccc13,-2.45
78,4130-65-8,Clc1ccc2N(CCN3CCNCC3)C(=O)CN=C(c4ccccc4)c2c1,-2.16
79,4130-72-7,CN(C)CCCN1C(=O)CN=C(c2ccccc2F)c3cc(Cl)ccc13,-2.42
80,4130-75-0,CCN(CC)CCCN1C(=O)CN=C(c2ccccc2F)c3cc(Cl)ccc13,-2.25
81,4191-05-3,CNCCCN1C(=O)CNC(c2ccccc2F)c3cc(Cl)ccc13,-2.48
82,4196-18-3,CNCCCN1C(=O)CN=C(c2ccccc2F)c3cc(Cl)ccc13,-2.43
83,4219-01-6,CN(C)CCCN1C(=O)CN=C(c2ccccc2)c3cc(ccc13)[N+](=O)[O-],-2.56
84,4310-35-4,CC[N+](CC)(CC)CCC(O)(C1CCCCC1)c2ccccc2,-2.01
85,4424-32-2,Cc1ccc(cc1)C(CO)CO,-2.62
86,4466-96-0,CN(C)CCCN1C(=O)CN=C(c2ccccn2)c3cc(Br)ccc13,-2.54
87,4624-70-8,COC(C)C1(COC(C)OC1)C(C)C,-3.18
88,5260-91-3,CCCOP1(=O)CC=CC1,-3.18
89,5697-60-9,CN(C)CCOC(c1ccccc1)c2ccccc2C(C)(C)C,-2.06
90,6577-41-9,C[N+]1(CC2COC(O2)(C3CCCCC3)c4ccccc4)CCCCC1,-1.20
91,7432-28-2,COc1cc2CC(C)C(C)(O)Cc3cc(OC)c(OC)c(OC)c3c2c(OC)c1OC,-2.71
92,10140-06-4,CN1CCN(C)C(COC(c2ccccc2)c3ccccc3C(C)(C)C)C1,-2.22
93,10140-08-6,CCc1cccc(CC)c1C(OCCOCCN2CCN(C)CC2)c3c(CC)cccc3CC,-2.51
94,10140-09-7,CC1CN(CCOCCOC(c2ccccc2)c3ccccc3)C(C)CN1C,-2.18
95,14258-45-8,C1CN(CCN1C(c2ccccc2)c3ccccc3)c4ccccc4,-1.85
96,16360-46-6,CCCOP1(=O)CCC=C1,-3.35
97,17388-06-6,CCC1(COC(OC1)C(C)C)C(C)OC,-3.18
98,17388-07-7,CCC1(CCOC)COC(OC1)C(C)C,-3.20
99,19131-74-9,CC(C)OC(C)C1(C)COC(C)OC1,-3.08
100,19476-83-6,CCCC1COC(OC1)C(C)C,-2.90
101,19476-85-8,CCCC1(COC(C)OC1)C(C)OC(C)C,-3.00
102,19476-87-0,COCC1(C)COC(C)OC1,-3.18
103,20135-60-8,CCCCCCCCOP1(=O)CC=CC1,-2.18
104,20915-57-5,CCC1(NC)C(=O)c2ccccc2C1=O,-2.78
105,21216-76-2,C(C1COC(O1)(c2ccccc2)c3ccccc3)N4CCCCC4,-2.22
106,22644-53-7,COCC1(COC(OC1)C(C)C)C(C)C,-3.08
107,22644-54-8,CC(C)OCC1(C)COC(OC1)C(C)C,-2.85
108,22644-56-0,CCC1(COC(C)OC1)C(C)OC,-3.00
109,22644-62-8,COC(C)C1(COC(OC1)c2ccccc2)C(C)C,-3.20
110,22644-64-0,COC(C)C1(CC=C)COC(C)OC1,-3.08
111,22644-66-2,COC(C)C1(CC=C)COC(OC1)C(C)C,-3.00
112,22644-68-4,CCCOC(C)C1(CC=C)COC(C)OC1,-3.08
113,22644-70-8,CCCOC(C)C1(CC=C)COC(OC1)C(C)C,-3.20
114,22644-75-3,COCCC1(C)COC(C)OC1,-3.00
115,22644-77-5,COCCC1(COC(C)OC1)C(C)C,-3.00
116,22644-79-7,CCOCCC1(C)COC(OC1)C(C)C,-2.90
117,22645-27-8,CCC1COC(OC1)C(C)C,-2.90
118,22645-28-9,CCCC1COC(C)OC1,-2.90
119,22645-32-5,CCCCCCC1COC(C)OC1,-2.90
120,22645-34-7,CCCCCCC1COC(OC1)C(C)C,-2.95
121,22645-38-1,CCCC1(COC)COC(C)OC1,-3.08
122,22645-40-5,COCC1(COC(C)OC1)C(C)C,-3.08
123,22645-42-7,CCCC1(COC)COC(OC1)C(C)C,-3.18
124,22927-78-2,COc1ccc(cc1)C2(C)NC(=O)NC2=O,-3.00
125,25384-32-1,CCCC(C)(CO)COC(=O)NC(C)CC,-2.62
126,25384-36-5,CCCCCNC(=O)OCC(C)(CO)CCC,-2.79
127,25384-38-7,CCCC(C)(CO)COC(=O)NCc1ccccc1,-2.62
128,25384-41-2,CCCCN(CCCC)C(=O)OCC(C)(CO)CCC,-2.62
129,25384-42-3,CCCC(C)(CO)COC(=O)N1CCOCC1,-2.45
130,25384-47-8,CCC(C)C(C)(CO)COC(=O)NC(C)C,-2.45
131,25384-54-7,CCCCC(CC)(CO)COC(=O)NCCC,-2.62
132,25384-58-1,CCCNC(=O)OCC(CO)(c1ccccc1)c2ccccc2,-2.62
133,25384-60-5,CNC(=O)OCC(CO)(c1ccc(C)cc1)c2ccc(C)cc2,-3.15
134,25384-62-7,CCCC(C)C(CNC(=O)O)COC(=O)NCC#C,-2.62
135,25384-82-1,CCCC(C)(CNC(=O)O)COC(=O)NC(C)CC,-2.62
136,25384-83-2,CCCC(C)(COC(=O)N)COC(=O)NCC(C)C,-2.97
137,25384-84-3,CCCC(C)(CNC(=O)O)COC(=O)NCC=CC,-2.97
138,25384-87-6,CCCCCNC(=O)OCC(C)(CCC)COC(=O)N,-2.97
139,25384-88-7,CCCC(C)(CNC(=O)O)COC(=O)NCCC(C)C,-2.97
140,25384-90-1,CCCC(C)(COC(=O)N)COC(=O)NCc1ccccc1,-3.15
141,25384-92-3,CCCC(C)(COC(=O)N)COC(=O)Nc1cccnc1,-2.45
142,25384-94-5,CNC(=O)OCC(C)(CNC(=O)O)C(C)C,-2.79
143,25385-11-9,CC(C)CC(C)(CNC(=O)O)COC(=O)NCC#C,-2.62
144,25385-14-2,CC(COC(=O)N)(COC(=O)NCC#C)c1ccccc1,-2.97
145,25385-16-4,CCNC(=O)OCC(CC)(CC)COC(=O)N,-2.97
146,25450-86-6,CCC(CCl)(COC(=O)N)COC(=O)N,-2.79
147,25450-93-5,CCCCCC(CC)(CO)CO,-2.45
148,25450-96-8,CCC(CO)(CO)CCC(C)C,-2.45
149,25450-97-9,CCC(CC)C(CC)(COC(=O)N)COC(=O)N,-2.62
150,25450-98-0,CCC(COC(=O)N)(COC(=O)N)C1CCCCC1,-2.62
151,25450-99-1,CCC(CO)(CO)C1CCCCC1,-2.45
152,25451-01-8,CCC(CO)(CO)c1ccc(cc1)[N+](=O)[O-],-2.62
153,25451-04-1,CCC(CO)(CO)c1ccc(N)cc1,-2.79
154,25451-09-6,Cc1ccc(cc1)C(CO)(CO)c2ccc(C)cc2,-2.45
155,25451-10-9,CC(COC(=O)N)COC(=O)N,-3.51
156,25451-16-5,NC(=O)OCC(COC(=O)N)Oc1ccccc1,-2.79
157,25451-32-5,CC(=C)CC(CCOC(=O)N)OC(=O)N,-2.79
158,25451-37-0,CCOC(CC)(COC(=O)N)COC(=O)N,-3.15
159,25451-41-6,CCC(COC(=O)N)(COC(=O)N)c1ccsc1,-2.62
160,25451-45-0,Cc1ccc(cc1)C(COC(=O)N)(COC(=O)N)c2ccc(C)cc2,-2.62
161,25451-53-0,NC(=O)OCC(CO)c1ccccc1,-2.62
162,25451-62-1,CCC(CO)(COC(=O)N)Oc1ccccc1,-2.79
163,25451-65-4,CCC(CO)COC(=O)Nc1ccccc1,-2.62
164,25451-66-5,CCCC(C)(CO)COC(=O)Nc1ccccc1,-2.62
165,25451-67-6,CCC(CC)(CO)COC(=O)Nc1ccccc1,-2.62
166,25451-70-1,NC(=O)OCC(COC(=O)Nc1ccccc1)c2ccccc2,-2.79
167,25451-73-4,CCCC(C)(COC(=O)N)COC(=O)Nc1ccccc1,-2.62
168,25451-74-5,CC(C)C(C)(COC(=O)N)COC(=O)Nc1ccccc1,-2.62
169,25451-75-6,CCCCC(C)(COC(=O)N)COC(=O)Nc1ccccc1,-2.79
170,25451-77-8,CCCCC(CC)(COC(=O)N)COC(=O)Nc1ccccc1,-2.62
171,25457-63-0,CC(C)C(COC(=O)N)COC(=O)N,-3.51
172,25457-64-1,CCC(COC(=O)N)(COC(=O)Nc1ccccc1)c2ccccc2,-2.79
173,25457-65-2,NC(=O)OCC(COC(=O)Nc1ccccc1)(c2ccccc2)c3ccccc3,-2.62
174,25462-09-3,CCC(CO)COC(=O)N(C)C,-2.79
175,25462-15-1,CCCC(C)(CO)COC(=O)NC,-2.79
176,25462-16-2,CCCC(C)(CO)COC(=O)NCC,-2.45
177,25462-17-3,CCCC(C)(CO)COC(=O)NC(C)C,-2.62
178,25462-27-5,CC(C)CCC(CO)CO,-2.45
179,25462-28-6,CCC(CC)C(CO)CO,-2.45
180,25462-29-7,CCC(CC)C(COC(=O)N)COC(=O)N,-2.62
181,25462-30-0,NC(=O)OCC(COC(=O)N)C1CCC=C1,-2.62
182,25462-35-5,Cc1ccc(cc1)C(COC(=O)N)COC(=O)N,-2.62
183,25462-37-7,CC(CO)(CO)CC=C,-2.45
184,25462-38-8,OCC(CO)CCCc1ccccc1,-2.45
185,25462-39-9,CC(COC(=O)N)(COC(=O)N)CC=C,-2.45
186,25462-40-2,CC(COC(=O)N)(COC(=O)N)CC#C,-2.62
187,25462-41-3,CC(CO)(CO)CC#C,-2.62
188,25462-50-4,CC(C)CCC(C)(CO)CO,-2.45
189,25462-52-6,CCC(CC)C(C)(CO)CO,-2.45
190,25480-64-2,CCC(CC)C(CC)(CO)CO,-2.45
191,25480-65-3,CCCCSc1ccc(cc1)C(CC)(CO)CO,-2.79
192,25480-66-4,CCC(COC(=O)N)COC(=O)N,-3.51
193,25525-87-5,CCOC(=O)C1CCCN=C(N)N1,-1.76
194,25642-68-6,CCNC(=O)OCC(CC)(CNC(=O)O)c1ccccc1,-2.45
195,25642-69-7,CNC(=O)OCC(COC(=O)N)(c1ccccc1)c2ccccc2,-2.79
196,25642-70-0,CCCNC(=O)OCC(COC(=O)N)(c1ccccc1)c2ccccc2,-2.62
197,25642-71-1,CCC(COC(=O)N)COC(=O)N(C)C,-2.79
198,25648-67-3,CC(C)C(OC(=O)NCCCl)C(C)COC(=O)NCCCl,-2.62
199,25648-70-8,CCC(=O)NC(=O)OCC(C)C(OC(=O)NC(=O)CC)C(C)C,-3.15
200,25648-71-9,CC(C)C(OC(=O)NC(=O)C(C)Br)C(C)COC(=O)NC(=O)C(C)Br,-3.15
201,25648-81-1,CCCC(C)(COC(=O)NCC(=O)O)COC(=O)NCC(=O)O,-2.97
202,25648-82-2,CCCC(C)(COC(=O)NCC(=O)OCC)COC(=O)NCC(=O)OCC,-2.79
203,25648-86-6,CCC(C)C(C)(COC(=O)NC(=O)CC)COC(=O)NC(=O)CC,-3.15
204,25648-89-9,CCC(COC(=O)NC(=O)CC)C(OC(=O)NC(=O)CC)C(C)C,-3.15
205,25648-91-3,CCCC(C)(COC(=O)NC(C)C)CN(C(=O)O)C(=O)CC,-3.15
206,25648-93-5,CCCCN(CC(C)(CCC)COC(=O)NCCC(C)C)C(=O)O,-2.79
207,25648-97-9,CCCNC(=O)OCC(C)(CCC)CCN(C)C(=O)O,-2.62
208,25648-98-0,CCCC(C)(COC(=O)N(CC)CC)CN(CC)C(=O)O,-2.62
209,25648-99-1,CCCN(CC(C)(CCC)COC(=O)N(CC)CC)C(=O)O,-2.62
210,25649-05-2,CC(C)C(OC(=O)N1CCCCC1)C(C)COC(=O)N2CCCCC2,-2.62
211,25649-06-3,CC(C)C(OC(=O)N(CCCl)CCCl)C(C)COC(=O)N(CCCl)CCCl,-2.79
212,25652-05-5,CC(C)NNC(=O)OCC(C)C(OC(=O)NNC(C)C)C(C)C,-2.79
213,25652-09-9,COCNC(=O)OCC(C)C(OC(=O)NCOC)C(C)C,-2.62
214,25658-34-8,CCCC(C)(COC(=O)NC(C=O)C(O)C(O)C(O)CO)COC(=O)NC(C=O)C(O)C(O)C(O)CO,-2.62
215,26281-33-4,NC1=NCCCCN1,-2.38
216,26281-34-5,COC(=O)C1CCCNC(=[NH+])N1,-1.83
217,26281-64-1,CC(C)OC(=O)C1CCCN=C(N)N1,-1.62
218,26345-29-9,CCCC(C)(CO)COC(=O)N(CC)CC,-2.62
219,30015-57-7,CC1(C)CC2CCN1C(C)(C)C2,-2.54
220,33024-89-4,CCCCn1cnc(c1)c2ccc(OCC=C)cc2,-2.57
221,33624-74-7,CCCCn1cnc(c1)c2ccc(OCc3ccccc3)cc2,-3.10
222,33624-75-8,CCCCn1cnc(c1)c2ccc(OCC)cc2,-2.53
223,33673-01-7,CCC(C)C(CO)CO,-2.45
224,34947-51-8,COc1cc(cc(OC)c1OC)C2C3=C(O)CC(C)(C)CC3=NC4=C2C(=O)C(C)C4=O,-2.32
225,40405-63-8,CCCCn1cnc(c1)c2ccc(OC)cc2,-2.66
226,40405-65-0,CCCCn1cnc(c1)c2ccc(OCCC)cc2,-2.63
227,40405-67-2,CCCCOc1ccc(cc1)c2cn(CCCC)cn2,-2.62
228,40405-68-3,CCCCn1cnc(c1)c2ccc(OCCC(C)C)cc2,-2.68
229,40405-70-7,CCCCCCOc1ccc(cc1)c2cn(CCCC)cn2,-2.63
230,40405-75-2,COc1ccc(cc1)c2cn(C)cn2,-2.65
231,41040-70-4,CC1(CCC2OCC(C[N+](C)(C)C)O2)OCC(C[N+](C)(C)C)O1,-1.34
232,41040-74-8,CC1(CCC2OCC(C[N+]3(C)CCCCC3)O2)OCC(C[N+]4(C)CCCCC4)O1,-0.61
233,41040-76-0,CC1(CCC(=O)OCC[N+](C)(C)C)OCC(C[N+](C)(C)C)O1,-2.31
234,41040-78-2,CC1(CCC(=O)OCC[N+]2(C)CCCC2)OCC(C[N+]3(C)CCCC3)O1,-1.64
235,41040-80-6,CC1(CCC(=O)OCC[N+]2(C)CCCCC2)OCC(C[N+]3(C)CCCCC3)O1,-1.30
236,42973-01-3,CCN(CC)CCNC(=O)C(C)(C)Oc1ccc(Cl)cc1,-2.15
237,42973-05-7,CCN(CC)CCNC(=O)COc1ccc(cc1)c2ccccc2,-2.00
238,49593-93-3,CCCCCCCCOP1(=O)CCC=C1,-2.19
239,49842-07-1,NCC1OC(OC2C(N)CC(N)C(OC3OC(CO)C(O)C(N)C3O)C2O)C(N)CC1O,-2.42
240,50916-11-5,CCOc1cc(cc(OCC)c1OCC)C(=O)C2CCON2,-2.78
241,50916-12-6,CCOc1cc(cc(OCC)c1OCC)C(=O)N2CCOC2,-2.78
242,51071-56-8,Nc1ncccc1C(=O)NCc2ccccc2,-2.66
243,51071-57-9,Nc1ncccc1C(=O)Nc2ccccc2,-2.47
244,51071-58-0,Cc1ccc(NC(=O)c2cccnc2N)cc1,-2.06
245,51071-59-1,COc1ccc(NC(=O)c2cccnc2N)cc1,-2.35
246,51081-37-9,CC(C)OP1(=O)CCC=C1,-3.49
247,51081-38-0,CC(C)OP1(=O)CC=CC1,-3.38
248,51781-21-6,CC(C)(C)NCC(O)COc1cccc2NC(=O)CCc12,-2.57
249,54521-95-8,CCC(=O)OC1(CC(C)N(CCCN(C)C)CC1C)c2ccccc2,-2.44
250,54521-97-0,CCN(CC)CCCN1CC(C)C(CC1C)(OC(=O)CC)c2ccccc2,-2.60
251,54521-99-2,CCC(=O)OC1(CC(C)N(CCCN2CCCC2)CC1C)c3ccccc3,-2.64
252,54522-01-9,CCC(=O)OC1(CC(C)N(CCCN2CCCCC2)CC1C)c3ccccc3,-2.39
253,54522-03-1,CCC(=O)OC1(CC(C)N(CCCN2CCOCC2)CC1C)c3ccccc3,-2.60
254,56533-61-0,O=C(CN1CCCCC1)N2CCc3ccccc23,-2.12
255,58012-93-4,OC(CN1CCN(CC1)c2ccccc2)c3cccnc3,-2.35
256,58012-94-5,COc1ccccc1N2CCN(CC(O)c3cccnc3)CC2,-2.17
257,58012-96-7,COc1ccc(cc1)N2CCN(CC(O)c3cccnc3)CC2,-1.87
258,58012-97-8,Cc1ccccc1N2CCN(CC(O)c3cccnc3)CC2,-2.17
259,58012-98-9,Cc1cccc(c1)N2CCN(CC(O)c3cccnc3)CC2,-2.39
260,58013-00-6,OC(CN1CCN(CC1)c2ccccc2Cl)c3cccnc3,-2.26
261,58013-01-7,OC(CN1CCN(CC1)c2cccc(Cl)c2)c3cccnc3,-2.44
262,58013-02-8,OC(CN1CCN(CC1)c2ccc(Cl)cc2)c3cccnc3,-2.05
263,58013-04-0,OC(CN1CCN(CC1)c2ccccc2)c3ccncc3,-2.38
264,58013-05-1,COc1ccccc1N2CCN(CC(O)c3ccncc3)CC2,-2.32
265,58013-06-2,COC(CN1CCN(CC1)c2ccccc2)c3cccnc3,-2.28
266,58013-07-3,CCOC(CN1CCN(CC1)c2ccccc2)c3cccnc3,-2.08
267,58013-08-4,COC(CN1CCN(CC1)c2ccccc2OC)c3cccnc3,-1.91
268,58013-10-8,COC(CN1CCN(CC1)c2ccccc2Cl)c3cccnc3,-2.08
269,58013-12-0,O=C(CN1CCN(CC1)c2ccccc2)c3cccnc3,-2.45
270,58013-13-1,Clc1ccccc1N2CCN(CC(=O)c3cccnc3)CC2,-2.30
271,58013-14-2,COc1ccccc1N2CCN(CC(=O)c3cccnc3)CC2,-2.33
272,58013-15-3,COc1ccccc1N2CCN(CCc3cccnc3)CC2,-1.83
273,58013-16-4,C(Cc1cccnc1)N2CCN(CC2)c3ccccc3,-2.09
274,58013-17-5,Clc1ccccc1N2CCN(CCc3cccnc3)CC2,-2.01
275,59209-57-3,CCC1(N(C)C(=O)CCl)C(=O)c2ccccc2C1=O,-2.85
276,59209-60-8,CCCNC1(CC)C(=O)c2ccccc2C1=O,-2.98
277,59209-61-9,CCN(CC)CC(=O)N(C)C1(CC)C(=O)c2ccccc2C1=O,-2.85
278,59209-62-0,CCC1(N(C)C(=O)CN2CCCCC2)C(=O)c3ccccc3C1=O,-2.64
279,59209-63-1,CCC1(N(C)C(=O)CN2CCOCC2)C(=O)c3ccccc3C1=O,-2.99
280,61925-94-8,CC(Cc1ccccc1)NC(=O)C(N)Cc2ccccc2,-2.04
281,61925-95-9,CC(Cc1ccccc1)N(C)C(=O)C(N)Cc2ccccc2,-2.23
282,62209-22-7,C[N+]1(C)CCCC1CC(=O)CC2CCC[N+]2(C)C,-2.05
283,63152-60-3,Cc1noc2cccc(OCC(O)CNC(C)(C)C)c12,-2.29
284,63445-61-4,CC1C(C)C(=O)CCN1CC#Cc2ccccc2,-2.54
285,63445-63-6,CC1CC(=O)C(C)CN1CC#Cc2ccccc2,-2.65
286,63445-67-0,CC1C(N(CC#Cc2ccccc2)CCC1=O)c3ccccc3,-2.70
287,63446-12-8,C[N+](C)(CCCCc1occc1)Cc2ccccc2,-2.00
288,63446-14-0,CC[N+](C)(C)CCCCCc1occc1,-1.72
289,63446-16-2,CC(CCCCc1occc1)[N+](C)(C)C,-1.49
290,63446-17-3,CC[N+](C)(C)C(C)CCCCc1occc1,-1.77
291,63446-18-4,CC(CCCCc1occc1)[N+](C)(C)Cc2ccccc2,-1.93
292,63446-19-5,CN(C)CCCCc1occc1,-2.05
293,63446-21-9,CC(CCCCc1occc1)N(C)C,-1.80
294,63473-99-4,OC(CNC1CCCCC1)COC2CCCCC2,-1.99
295,63474-03-3,CC(C)(C)NCC(O)COC1CCCCC1,-2.05
296,63474-04-4,CC(C)NCC(O)COCc1ccccc1,-2.22
297,63474-06-6,CC(C)(C)NCC(O)COCc1ccccc1,-2.15
298,63474-11-3,CC(C)NCC(O)COC1CCCC1,-2.20
299,63474-12-4,OC(CNC1CCCCC1)COC2CCCC2,-2.22
300,63480-91-1,CC[N+](C)(C)CCCCc1occc1,-1.49
301,63519-97-1,CC(C)(C)NCC(O)COC1CCCC1,-2.16
302,63519-98-2,OC(CNC1CCCCC1)COCc2ccccc2,-1.65
303,63722-05-4,C[N+](C)(CCOCC[N+](C)(C)Cc1ccccc1)Cc2ccccc2,-1.26
304,63951-18-8,CC[N+](C)(C)CCOCC[N+](C)(CC)CC,-2.18
305,63957-50-6,CCC[N+](CC)(CC)CCOCC[N+](C)(C)CC,-1.93
306,63957-51-7,CCCC[N+](C)(C)CCOCC[N+](CC)(CC)CCCC,-1.23
307,63957-54-0,CC[N+](CC)(CCO)CCOCC[N+](C)(C)CCO,-2.45
308,63957-55-1,CCCCC[N+](C)(C)CCOCC[N+](CC)(CC)CCCCC,-1.58
309,63977-55-9,CC[N+](C)(C)CCCOCCC[N+](CC)(CC)CC,-1.66
310,63977-58-2,CC[N+](C)(CC)CCOC(C)C[N+](C)(C)C,-2.06
311,63977-67-3,CC[N+](C)(CC)CCOCC[N+](C)(C)C,-2.43
312,63981-98-6,CC[N+](C)(C)CCOCC[N+](C)(C)C,-2.68
313,63981-99-7,CCC[N+](C)(CC)CCOCC[N+](C)(C)C,-2.38
314,63982-27-4,CC[N+](C)(C)CCOC(C)C[N+](C)(C)CC,-2.09
315,64048-21-1,CCCC[N+](C)(CC)CCOCC[N+](C)(C)C,-2.23
316,64049-64-5,C[N+](C)(CCOCC[N+](C)(C)CC=C)CC=C,-2.00
317,64049-65-6,CCCC[N+](C)(C)CCOCC[N+](C)(C)CCCC,-1.54
318,64049-66-7,CCOC(=O)CC[N+](C)(C)CCOCC[N+](C)(C)CCC(=O)OCC,-2.33
319,64049-67-8,CC[N+](C)(C)CCOCC[N+](C)(C)CC,-2.33
320,64049-68-9,CCCCCCCC[N+](C)(C)CCOCC[N+](C)(C)CCCCCCCC,-1.60
321,64049-69-0,CCC[N+](C)(C)CCOCC[N+](C)(C)CCC,-1.99
322,64049-70-3,CC[N+](CC)(CC)CCOCC[N+](CC)(CC)CC,-2.02
323,64049-86-1,CC[N+](C)(CC)CCOCC[N+](CC)(CC)CC,-1.97
324,64049-88-3,CC[N+](C)(C)CC(C)OCC[N+](CC)(CC)CC,-1.70
325,64049-90-7,CC(C[N+](C)(C)C)OCC[N+](C)(C)C,-2.44
326,64059-39-8,CCCC[N+](CC)(CC)CCOCC[N+](C)(C)CC,-1.71
327,64140-51-8,CCCN(CCC)CC(=O)N1CCc2ccccc12,-2.38
328,64140-52-9,CC1Cc2ccccc2N1C(=O)CN3CCCCC3,-2.23
329,64140-55-2,CC(C)N(CC(=O)N1CCc2ccccc12)C(C)C,-2.37
330,64140-56-3,O=C(CCN1CCCCC1)N2CCc3ccccc23,-2.24
331,66170-04-5,COc1ccc(cc1OC)C(C(=O)C(Cl)(Cl)Cl)c2nccc3cc(OC)c(OC)cc23,-2.52
332,66616-52-2,C(N1CCOCC1)c2oc(Oc3ccccc3)cc2,-2.57
333,66669-76-9,C(N1CCCCC1)c2oc(Oc3ccccc3)cc2,-2.76
334,67982-19-8,CC(C)NCC(O)COc1cccc2sncc12,-1.79
335,67982-24-5,CCCC(C)NCC(O)COc1cccc2sncc12,-1.78
336,67982-28-9,CCC(C)NCC(O)COc1cccc2sncc12,-1.98
337,68450-77-1,C1CCC(CC1)C2(OCC(CO2)N3CCCCC3)c4ccccc4,-2.36
338,68450-79-3,C1CCC(CC1)C2(OCC(CO2)N3CCOCC3)c4ccccc4,-2.64
339,68524-15-2,CCOc1ccc(cc1)C2(C)NC(=O)NC2=O,-3.00
340,68524-16-3,CCCOc1ccc(cc1)C2(C)NC(=O)NC2=O,-3.00
341,68524-17-4,CC(C)Oc1ccc(cc1)C2(C)NC(=O)NC2=O,-3.00
342,68524-18-5,CCCCOc1ccc(cc1)C2(C)NC(=O)NC2=O,-3.00
343,68524-19-6,CC(C)COc1ccc(cc1)C2(C)NC(=O)NC2=O,-3.00
344,68524-20-9,CCCCCOc1ccc(cc1)C2(C)NC(=O)NC2=O,-2.85
345,68524-21-0,CC(C)CCOc1ccc(cc1)C2(C)NC(=O)NC2=O,-3.00
346,68524-74-3,CC(C)(C)NCC(O)COc1cccc2sncc12,-2.19
347,70752-98-6,CN1CCN(CCCn2ccc3ccccc23)CC1,-1.98
348,72320-60-6,CCN1CCN(CC1)c2cc(c3ccccc3)c4ccccc4n2,-2.08
349,72805-96-0,OC(CNC1CCCC1)COC2CCCC2,-2.16
350,72805-97-1,OC(CNCc1ccccc1)COC2CCCC2,-1.93
351,72805-98-2,CC(C)NCC(O)COC1CCCCC1,-1.95
352,72805-99-3,OC(CNC1CCCC1)COC2CCCCC2,-2.03
353,72806-00-9,OC(CNC1CCCC1)COCc2ccccc2,-2.18
354,72806-01-0,OC(CNCc1ccccc1)COCc2ccccc2,-2.26
355,74038-02-1,Cc1ccccc1C(OCCN2CCN(CC2)c3ccccc3)c4ccccc4,-2.40
356,74038-16-7,CC1CN(CCOCCOC(c2ccccc2)c3ccccc3C)C(C)CN1C,-1.93
357,76919-30-7,CCC(C)(CC)NCC(O)COc1cccc2sncc12,-2.11
358,76919-32-9,CC(C)(NCC(O)COc1cccc2sncc12)C#C,-2.26
359,77246-48-1,COc1ccccc1N2CCN(CC(O)c3ccccn3)CC2,-1.70
360,77246-49-2,COC(CN1CCN(CC1)c2ccccc2C)c3cccnc3,-2.08
361,77246-50-5,CCOC(CN1CCN(CC1)c2ccccc2C)c3cccnc3,-2.07
362,77246-51-6,CCOC(CN1CCN(CC1)c2ccccc2OC)c3cccnc3,-1.88
363,77246-52-7,CCOC(CN1CCN(CC1)c2ccccc2OC)c3ccncc3,-2.01
364,77246-53-8,CCOC(CN1CCN(CC1)c2ccccc2OC)c3ccccn3,-1.68
365,78050-79-0,COc1cc(cc(OC)c1OC)C2C3=C(CC(C)(C)CC3=O)N(CC(=O)O)C4=C2C(=O)C(C)C4=O,-3.00
366,78593-71-2,CNC(=O)c1ccc(C)nc1Nc2ccc(C)cc2,-2.41
367,78593-72-3,CNC(=O)c1ccc(C)nc1Nc2ccc(OC)cc2,-2.65
368,78593-73-4,CCNC(=O)c1ccc(C)nc1Nc2ccccc2,-2.59
369,78593-76-7,CCCNC(=O)c1ccc(C)nc1Nc2ccc(C)cc2,-2.44
370,78593-77-8,CCCNC(=O)c1ccc(C)nc1Nc2ccc(OC)cc2,-2.85
371,78593-78-9,CCCCNC(=O)c1ccc(C)nc1Nc2ccccc2,-2.47
372,78593-79-0,CCCCNC(=O)c1ccc(C)nc1Nc2ccc(C)cc2,-2.56
373,82058-25-1,CCNC(=O)N1C(C2C(NC(C(C1c3ccccc3)C2=O)c4ccccc4)c5ccccc5)c6ccccc6,-3.48
374,82058-26-2,CCCCNC(=O)N1C(C2C(NC(C(C1c3ccccc3)C2=O)c4ccccc4)c5ccccc5)c6ccccc6,-3.48
375,82058-27-3,CC(C)(C)NC(=O)N1C(C2C(NC(C(C1c3ccccc3)C2=O)c4ccccc4)c5ccccc5)c6ccccc6,-3.48
376,82058-28-4,O=C(NC1CCCCC1)N2C(C3C(NC(C(C2c4ccccc4)C3=O)c5ccccc5)c6ccccc6)c7ccccc7,-3.48
377,82058-29-5,CCNC(=O)N1C(C2C(NC(c3ccccc3)C(C)(C1c4ccccc4)C2=O)c5ccccc5)c6ccccc6,-3.48
378,82058-30-8,CCCCNC(=O)N1C(C2C(NC(c3ccccc3)C(C)(C1c4ccccc4)C2=O)c5ccccc5)c6ccccc6,-3.48
379,82058-31-9,CC(C)(C)NC(=O)N1C(C2C(NC(c3ccccc3)C(C)(C1c4ccccc4)C2=O)c5ccccc5)c6ccccc6,-3.48
380,82058-32-0,CC12C(NC(C(C(N(C1c3ccccc3)C(=O)NC4CCCCC4)c5ccccc5)C2=O)c6ccccc6)c7ccccc7,-3.43
381,82058-33-1,CCNC(=S)N1C(C2C(NC(C(C1c3ccccc3)C2=O)c4ccccc4)c5ccccc5)c6ccccc6,-3.48
382,82058-34-2,C=CCNC(=S)N1C(C2C(NC(C(C1c3ccccc3)C2=O)c4ccccc4)c5ccccc5)c6ccccc6,-3.48
383,82058-35-3,O=C1C2C(NC(C1C(N(C2c3ccccc3)C(=S)NCc4ccccc4)c5ccccc5)c6ccccc6)c7ccccc7,-3.48
384,82058-36-4,CCNC(=S)N1C(C2C(NC(c3ccccc3)C(C)(C1c4ccccc4)C2=O)c5ccccc5)c6ccccc6,-3.48
385,82058-37-5,CC12C(NC(C(C(N(C1c3ccccc3)C(=S)NCC=C)c4ccccc4)C2=O)c5ccccc5)c6ccccc6,-3.48
386,82058-38-6,CC12C(NC(C(C(N(C1c3ccccc3)C(=S)NCc4ccccc4)c5ccccc5)C2=O)c6ccccc6)c7ccccc7,-3.48
387,82058-39-7,CCNC(=O)N1C(C2C(NC(C(C1c3ccc(OC)cc3)C2=O)c4ccc(OC)cc4)c5ccc(OC)cc5)c6ccc(OC)cc6,-3.48
388,82058-40-0,CCNC(=S)N1C(C2C(NC(C(C1c3ccc(OC)cc3)C2=O)c4ccc(OC)cc4)c5ccc(OC)cc5)c6ccc(OC)cc6,-3.48
389,82058-41-1,CCNC(=O)N1C(C2C(NC(C(C1c3ccccc3Cl)C2=O)c4ccccc4Cl)c5ccccc5Cl)c6ccccc6Cl,-3.48
390,82058-42-2,CCNC(=S)N1C(C2C(NC(C(C1c3ccccc3Cl)C2=O)c4ccccc4Cl)c5ccccc5Cl)c6ccccc6Cl,-3.48
391,82058-43-3,CCNC(=O)N1C(C2C(NC(C(C1c3ccc(Cl)cc3)C2=O)c4ccc(Cl)cc4)c5ccc(Cl)cc5)c6ccc(Cl)cc6,-3.48
392,82058-44-4,CCNC(=S)N1C(C2C(NC(C(C1c3ccc(Cl)cc3)C2=O)c4ccc(Cl)cc4)c5ccc(Cl)cc5)c6ccc(Cl)cc6,-3.48
393,82380-38-9,C[N+]12CCC(CC1)C(O)(C2=C)c3ccccc3,-2.07
394,82380-40-3,Cc1ccccc1C2(O)C3CC[N+](C)(CC3)C2=C,-1.97
395,82380-43-6,Cc1ccc(cc1)C2(O)C3CCN(CC3)C2=C,-2.27
396,82380-44-7,Cc1ccc(cc1)C2(O)C3CC[N+](C)(CC3)C2=C,-1.89
397,82380-45-8,Cc1ccc(cc1C)C2(O)C3CCN(CC3)C2=C,-2.24
398,82380-46-9,Cc1ccc(cc1C)C2(O)C3CC[N+](C)(CC3)C2=C,-2.11
399,86343-58-0,COC(=O)C1C[N+](C)(C)CCC1O,-2.76
400,86343-59-1,COC(=O)C(C)CN(C)C,-2.90
401,86343-60-4,CCN(CC)CC(C)C(=O)OC,-3.30
402,88556-33-6,CC(=Nc1ccccc1)C2=C(C)OC(=O)C2=O,-2.46
403,88556-34-7,CC(=Nc1ccc(C)cc1)C2=C(C)OC(=O)C2=O,-2.40
404,88556-35-8,CC(=Nc1ccc(F)cc1)C2=C(C)OC(=O)C2=O,-2.56
405,97238-28-3,CCN(CC)CCOC(=O)C1CC[N+](C)(C)CC1,-1.60
406,97490-76-1,CCN(CC)CC(=O)Nc1c(CC)cccc1CC,-2.40
407,101952-52-7,CCNC(=O)c1ccc(C)nc1Nc2ccc(C)cc2,-2.48
408,101975-81-9,C(N1CCN(CC1)C2CCCCC2)C34CC5CC(CC(C5)C3)C4,-1.95
409,101975-82-0,C(N1CCN(CC1)C2CCCCCCC2)C34CC5CC(CC(C5)C3)C4,-2.02
410,101975-86-4,CC(C)CCN1CCN(CC23CC4CC(CC(C4)C2)C3)CC1,-1.97
411,101975-87-5,CC(C)N1CCN(CC23CC4CC(CC(C4)C2)C3)CC1,-2.06
412,101975-89-7,CCCCCN1CCN(CC23CC4CC(CC(C4)C2)C3)CC1,-2.04
413,101997-62-0,CCNC(=O)N1C(CC(=O)C(C)C1c2ccc(OC)cc2)c3ccc(OC)cc3,-3.48
414,102071-70-5,COCC(C)NC(C)(O)COc1cccc2sncc12,-2.13
415,102206-51-9,CCOC(=C1C(C)C(=C(C)N=C1C)C(=O)OCCN2CCOCC2)O,-2.26
416,102280-70-6,CC1(CCC2OCC(C[N+]3(C)CCCC3)O2)OCC(C[N+]4(C)CCCC4)O1,-0.85
417,102571-32-4,CC(CCC[N+](C)(C)C)c1occc1,-1.48
418,109965-42-6,CN(CC[N+]1(C)CCCCC1)CC[N+]2(C)CCCCC2,-1.48
419,5356-93-4,C[Si](C)(COC(=O)N)c1ccccc1,-2.60
420,66443-63-8,C[Si](C)(CCCN)c1occc1,-2.23
421,66443-70-7,C[Si](C)(CCCN)c1cccs1,-2.27
422,78599-03-8,[ClH-].C[Si](C)(CCC[NH+]1CCCCCC1)c2cccs2,-2.04
